0,d14a028c2a3a2bc9476102bb288234c415a2b01f828ea62ac5b3e42f,0,0,584356491392,04/30/2018,"Unit 6445 Box 1902
DPO AP 45630"
1,fff9292b4201617bdc4d3053fce02734166a683d7d858a7f5f59b073,1,1,372205438940673,04/18/2014,"216 Robinson Mills Suite 830
Emilyton, IN 73600"
2,ce415cdb385b7a540779f1ed33ae41bac19ac1e55370ac9bc454586d,2,2,4384640895771,02/06/2016,"13795 Young Mountain
Gilbertburgh, MN 69609"
3,8e25d811cf8fb0998f130c33062a4162edcf418a621ab04145489337,3,3,213125929186797,06/05/2014,"687 Jack Hollow Suite 856
West Daniel, NY 74867"
4,ac2d118dd210c8401caff1e8b29fa85d29286831505da1b86a91ed63,4,4,2222413294325389,05/06/2019,"2929 Villegas Plains
Jordanberg, GA 72930"
5,0e61c65e55810439f418c959dd030c194b2fdaa2ae46b13b3732ff17,5,5,3522124003024917,11/10/2014,"83277 Jeremy Mountain Suite 952
Christopherburgh, NM 31052"
6,817f8f8246eff2259874ddfd534c3d28a4c3f01ed8a0ff6fafe64a4c,6,6,4683453525138417677,03/30/2018,"5306 Edwards Rest
North Samantha, IN 55370"
7,fbf6df85218ac5632461a8a17c6f294e6f35264cbfc0a9774a4f665b,7,7,3588602985976528,02/04/2014,"89895 Norris Mews Apt. 739
Madelineton, WI 55268"
8,02d34274782646a9710f0c8adfac534c45b68379cce3b773533e1f5d,8,8,6011279886304686,10/05/2013,"5316 Katie Lodge Suite 059
East Sara, RI 18073"
9,0f55385ac4b55929809a355ba0bac5c5d6194f99ef10f31be1fe3c7e,9,9,344749159409652,11/09/2015,"USS Pope
FPO AP 13184"
